RecipientFullName,RecipientIdentifierNo,RecipientEmail,RecipientPhone,SenderName,PackageType,Classification,StorageLocation,RecipientDepartment,Notes
Demo Recipient 1,DEMO-IMPORT-001,recipient1@courier.test,0820000001,Demo Sender,Box,Personal,Shelf A-1,Demo Department,Synthetic example
Demo Recipient 2,DEMO-IMPORT-002,recipient2@courier.test,0820000002,Demo Sender,Box,WorkRelated,Shelf A-1,Demo Department,Synthetic example
Demo Recipient 3,DEMO-IMPORT-003,recipient3@courier.test,0820000003,Demo Sender,Box,Personal,Shelf A-1,Demo Department,Synthetic example
Demo Recipient 4,DEMO-IMPORT-004,recipient4@courier.test,0820000004,Demo Sender,Box,WorkRelated,Shelf A-1,Demo Department,Synthetic example
Demo Recipient 5,DEMO-IMPORT-005,recipient5@courier.test,0820000005,Demo Sender,Box,Personal,Shelf A-1,Demo Department,Synthetic example
Demo Recipient 6,DEMO-IMPORT-006,recipient6@courier.test,0820000006,Demo Sender,Box,WorkRelated,Shelf A-1,Demo Department,Synthetic example
Demo Recipient 7,DEMO-IMPORT-007,recipient7@courier.test,0820000007,Demo Sender,Box,Personal,Shelf A-1,Demo Department,Synthetic example
Demo Recipient 8,DEMO-IMPORT-008,recipient8@courier.test,0820000008,Demo Sender,Box,WorkRelated,Shelf A-1,Demo Department,Synthetic example
Demo Recipient 9,DEMO-IMPORT-009,recipient9@courier.test,0820000009,Demo Sender,Box,Personal,Shelf A-1,Demo Department,Synthetic example
Demo Recipient 10,DEMO-IMPORT-010,recipient10@courier.test,0820000010,Demo Sender,Box,WorkRelated,Shelf A-1,Demo Department,Synthetic example
Demo Recipient 11,DEMO-IMPORT-011,recipient11@courier.test,0820000011,Demo Sender,Box,Personal,Shelf A-1,Demo Department,Synthetic example
Demo Recipient 12,DEMO-IMPORT-012,recipient12@courier.test,0820000012,Demo Sender,Box,WorkRelated,Shelf A-1,Demo Department,Synthetic example
Demo Recipient 13,DEMO-IMPORT-013,recipient13@courier.test,0820000013,Demo Sender,Box,Personal,Shelf A-1,Demo Department,Synthetic example
Demo Recipient 14,DEMO-IMPORT-014,recipient14@courier.test,0820000014,Demo Sender,Box,WorkRelated,Shelf A-1,Demo Department,Synthetic example
Demo Recipient 15,DEMO-IMPORT-015,recipient15@courier.test,0820000015,Demo Sender,Box,Personal,Shelf A-1,Demo Department,Synthetic example
Demo Recipient 16,DEMO-IMPORT-016,recipient16@courier.test,0820000016,Demo Sender,Box,WorkRelated,Shelf A-1,Demo Department,Synthetic example
Demo Recipient 17,DEMO-IMPORT-017,recipient17@courier.test,0820000017,Demo Sender,Box,Personal,Shelf A-1,Demo Department,Synthetic example
Demo Recipient 18,DEMO-IMPORT-018,recipient18@courier.test,0820000018,Demo Sender,Box,WorkRelated,Shelf A-1,Demo Department,Synthetic example
Demo Recipient 19,DEMO-IMPORT-019,recipient19@courier.test,0820000019,Demo Sender,Box,Personal,Shelf A-1,Demo Department,Synthetic example
Demo Recipient 20,DEMO-IMPORT-020,recipient20@courier.test,0820000020,Demo Sender,Box,WorkRelated,Shelf A-1,Demo Department,Synthetic example
Demo Recipient 21,DEMO-IMPORT-021,recipient21@courier.test,0820000021,Demo Sender,Box,Personal,Shelf A-1,Demo Department,Synthetic example
Demo Recipient 22,DEMO-IMPORT-022,recipient22@courier.test,0820000022,Demo Sender,Box,WorkRelated,Shelf A-1,Demo Department,Synthetic example
Demo Recipient 23,DEMO-IMPORT-023,recipient23@courier.test,0820000023,Demo Sender,Box,Personal,Shelf A-1,Demo Department,Synthetic example
Demo Recipient 24,DEMO-IMPORT-024,recipient24@courier.test,0820000024,Demo Sender,Box,WorkRelated,Shelf A-1,Demo Department,Synthetic example
Demo Recipient 25,DEMO-IMPORT-025,recipient25@courier.test,0820000025,Demo Sender,Box,Personal,Shelf A-1,Demo Department,Synthetic example
Demo Recipient 26,DEMO-IMPORT-026,recipient26@courier.test,0820000026,Demo Sender,Box,WorkRelated,Shelf A-1,Demo Department,Synthetic example
Demo Recipient 27,DEMO-IMPORT-027,recipient27@courier.test,0820000027,Demo Sender,Box,Personal,Shelf A-1,Demo Department,Synthetic example
Demo Recipient 28,DEMO-IMPORT-028,recipient28@courier.test,0820000028,Demo Sender,Box,WorkRelated,Shelf A-1,Demo Department,Synthetic example
Demo Recipient 29,DEMO-IMPORT-029,recipient29@courier.test,0820000029,Demo Sender,Box,Personal,Shelf A-1,Demo Department,Synthetic example
Demo Recipient 30,DEMO-IMPORT-030,recipient30@courier.test,0820000030,Demo Sender,Box,WorkRelated,Shelf A-1,Demo Department,Synthetic example
Demo Recipient 31,DEMO-IMPORT-031,recipient31@courier.test,0820000031,Demo Sender,Box,Personal,Shelf A-1,Demo Department,Synthetic example
Demo Recipient 32,DEMO-IMPORT-032,recipient32@courier.test,0820000032,Demo Sender,Box,WorkRelated,Shelf A-1,Demo Department,Synthetic example
Demo Recipient 33,DEMO-IMPORT-033,recipient33@courier.test,0820000033,Demo Sender,Box,Personal,Shelf A-1,Demo Department,Synthetic example
Demo Recipient 34,DEMO-IMPORT-034,recipient34@courier.test,0820000034,Demo Sender,Box,WorkRelated,Shelf A-1,Demo Department,Synthetic example
Demo Recipient 35,DEMO-IMPORT-035,recipient35@courier.test,0820000035,Demo Sender,Box,Personal,Shelf A-1,Demo Department,Synthetic example
Demo Recipient 36,DEMO-IMPORT-036,recipient36@courier.test,0820000036,Demo Sender,Box,WorkRelated,Shelf A-1,Demo Department,Synthetic example
Demo Recipient 37,DEMO-IMPORT-037,recipient37@courier.test,0820000037,Demo Sender,Box,Personal,Shelf A-1,Demo Department,Synthetic example
Demo Recipient 38,DEMO-IMPORT-038,recipient38@courier.test,0820000038,Demo Sender,Box,WorkRelated,Shelf A-1,Demo Department,Synthetic example
Demo Recipient 39,DEMO-IMPORT-039,recipient39@courier.test,0820000039,Demo Sender,Box,Personal,Shelf A-1,Demo Department,Synthetic example
Demo Recipient 40,DEMO-IMPORT-040,recipient40@courier.test,0820000040,Demo Sender,Box,WorkRelated,Shelf A-1,Demo Department,Synthetic example
Demo Recipient 41,DEMO-IMPORT-041,recipient41@courier.test,0820000041,Demo Sender,Box,Personal,Shelf A-1,Demo Department,Synthetic example
Demo Recipient 42,DEMO-IMPORT-042,recipient42@courier.test,0820000042,Demo Sender,Box,WorkRelated,Shelf A-1,Demo Department,Synthetic example
Demo Recipient 43,DEMO-IMPORT-043,recipient43@courier.test,0820000043,Demo Sender,Box,Personal,Shelf A-1,Demo Department,Synthetic example
Demo Recipient 44,DEMO-IMPORT-044,recipient44@courier.test,0820000044,Demo Sender,Box,WorkRelated,Shelf A-1,Demo Department,Synthetic example
Demo Recipient 45,DEMO-IMPORT-045,recipient45@courier.test,0820000045,Demo Sender,Box,Personal,Shelf A-1,Demo Department,Synthetic example
Demo Recipient 46,DEMO-IMPORT-046,recipient46@courier.test,0820000046,Demo Sender,Box,WorkRelated,Shelf A-1,Demo Department,Synthetic example
Demo Recipient 47,DEMO-IMPORT-047,recipient47@courier.test,0820000047,Demo Sender,Box,Personal,Shelf A-1,Demo Department,Synthetic example
Demo Recipient 48,DEMO-IMPORT-048,recipient48@courier.test,0820000048,Demo Sender,Box,WorkRelated,Shelf A-1,Demo Department,Synthetic example
Demo Recipient 49,DEMO-IMPORT-049,recipient49@courier.test,0820000049,Demo Sender,Box,Personal,Shelf A-1,Demo Department,Synthetic example
Demo Recipient 50,DEMO-IMPORT-050,recipient50@courier.test,0820000050,Demo Sender,Box,WorkRelated,Shelf A-1,Demo Department,Synthetic example
Demo Recipient 51,DEMO-IMPORT-051,recipient51@courier.test,0820000051,Demo Sender,Box,Personal,Shelf A-1,Demo Department,Synthetic example
Demo Recipient 52,DEMO-IMPORT-052,recipient52@courier.test,0820000052,Demo Sender,Box,WorkRelated,Shelf A-1,Demo Department,Synthetic example
Demo Recipient 53,DEMO-IMPORT-053,recipient53@courier.test,0820000053,Demo Sender,Box,Personal,Shelf A-1,Demo Department,Synthetic example
Demo Recipient 54,DEMO-IMPORT-054,recipient54@courier.test,0820000054,Demo Sender,Box,WorkRelated,Shelf A-1,Demo Department,Synthetic example
Demo Recipient 55,DEMO-IMPORT-055,recipient55@courier.test,0820000055,Demo Sender,Box,Personal,Shelf A-1,Demo Department,Synthetic example
Demo Recipient 56,DEMO-IMPORT-056,recipient56@courier.test,0820000056,Demo Sender,Box,WorkRelated,Shelf A-1,Demo Department,Synthetic example
Demo Recipient 57,DEMO-IMPORT-057,recipient57@courier.test,0820000057,Demo Sender,Box,Personal,Shelf A-1,Demo Department,Synthetic example
Demo Recipient 58,DEMO-IMPORT-058,recipient58@courier.test,0820000058,Demo Sender,Box,WorkRelated,Shelf A-1,Demo Department,Synthetic example
Demo Recipient 59,DEMO-IMPORT-059,recipient59@courier.test,0820000059,Demo Sender,Box,Personal,Shelf A-1,Demo Department,Synthetic example
Demo Recipient 60,DEMO-IMPORT-060,recipient60@courier.test,0820000060,Demo Sender,Box,WorkRelated,Shelf A-1,Demo Department,Synthetic example
Demo Recipient 61,DEMO-IMPORT-061,recipient61@courier.test,0820000061,Demo Sender,Box,Personal,Shelf A-1,Demo Department,Synthetic example
Demo Recipient 62,DEMO-IMPORT-062,recipient62@courier.test,0820000062,Demo Sender,Box,WorkRelated,Shelf A-1,Demo Department,Synthetic example
Demo Recipient 63,DEMO-IMPORT-063,recipient63@courier.test,0820000063,Demo Sender,Box,Personal,Shelf A-1,Demo Department,Synthetic example
Demo Recipient 64,DEMO-IMPORT-064,recipient64@courier.test,0820000064,Demo Sender,Box,WorkRelated,Shelf A-1,Demo Department,Synthetic example
Demo Recipient 65,DEMO-IMPORT-065,recipient65@courier.test,0820000065,Demo Sender,Box,Personal,Shelf A-1,Demo Department,Synthetic example
Demo Recipient 66,DEMO-IMPORT-066,recipient66@courier.test,0820000066,Demo Sender,Box,WorkRelated,Shelf A-1,Demo Department,Synthetic example
Demo Recipient 67,DEMO-IMPORT-067,recipient67@courier.test,0820000067,Demo Sender,Box,Personal,Shelf A-1,Demo Department,Synthetic example
Demo Recipient 68,DEMO-IMPORT-068,recipient68@courier.test,0820000068,Demo Sender,Box,WorkRelated,Shelf A-1,Demo Department,Synthetic example
Demo Recipient 69,DEMO-IMPORT-069,recipient69@courier.test,0820000069,Demo Sender,Box,Personal,Shelf A-1,Demo Department,Synthetic example
Demo Recipient 70,DEMO-IMPORT-070,recipient70@courier.test,0820000070,Demo Sender,Box,WorkRelated,Shelf A-1,Demo Department,Synthetic example
Demo Recipient 71,DEMO-IMPORT-071,recipient71@courier.test,0820000071,Demo Sender,Box,Personal,Shelf A-1,Demo Department,Synthetic example
Demo Recipient 72,DEMO-IMPORT-072,recipient72@courier.test,0820000072,Demo Sender,Box,WorkRelated,Shelf A-1,Demo Department,Synthetic example
Demo Recipient 73,DEMO-IMPORT-073,recipient73@courier.test,0820000073,Demo Sender,Box,Personal,Shelf A-1,Demo Department,Synthetic example
Demo Recipient 74,DEMO-IMPORT-074,recipient74@courier.test,0820000074,Demo Sender,Box,WorkRelated,Shelf A-1,Demo Department,Synthetic example
Demo Recipient 75,DEMO-IMPORT-075,recipient75@courier.test,0820000075,Demo Sender,Box,Personal,Shelf A-1,Demo Department,Synthetic example
Demo Recipient 76,DEMO-IMPORT-076,recipient76@courier.test,0820000076,Demo Sender,Box,WorkRelated,Shelf A-1,Demo Department,Synthetic example
Demo Recipient 77,DEMO-IMPORT-077,recipient77@courier.test,0820000077,Demo Sender,Box,Personal,Shelf A-1,Demo Department,Synthetic example
Demo Recipient 78,DEMO-IMPORT-078,recipient78@courier.test,0820000078,Demo Sender,Box,WorkRelated,Shelf A-1,Demo Department,Synthetic example
Demo Recipient 79,DEMO-IMPORT-079,recipient79@courier.test,0820000079,Demo Sender,Box,Personal,Shelf A-1,Demo Department,Synthetic example
Demo Recipient 80,DEMO-IMPORT-080,recipient80@courier.test,0820000080,Demo Sender,Box,WorkRelated,Shelf A-1,Demo Department,Synthetic example
Demo Recipient 81,DEMO-IMPORT-081,recipient81@courier.test,0820000081,Demo Sender,Box,Personal,Shelf A-1,Demo Department,Synthetic example
Demo Recipient 82,DEMO-IMPORT-082,recipient82@courier.test,0820000082,Demo Sender,Box,WorkRelated,Shelf A-1,Demo Department,Synthetic example
Demo Recipient 83,DEMO-IMPORT-083,recipient83@courier.test,0820000083,Demo Sender,Box,Personal,Shelf A-1,Demo Department,Synthetic example
Demo Recipient 84,DEMO-IMPORT-084,recipient84@courier.test,0820000084,Demo Sender,Box,WorkRelated,Shelf A-1,Demo Department,Synthetic example
Demo Recipient 85,DEMO-IMPORT-085,recipient85@courier.test,0820000085,Demo Sender,Box,Personal,Shelf A-1,Demo Department,Synthetic example
Demo Recipient 86,DEMO-IMPORT-086,recipient86@courier.test,0820000086,Demo Sender,Box,WorkRelated,Shelf A-1,Demo Department,Synthetic example
Demo Recipient 87,DEMO-IMPORT-087,recipient87@courier.test,0820000087,Demo Sender,Box,Personal,Shelf A-1,Demo Department,Synthetic example
Demo Recipient 88,DEMO-IMPORT-088,recipient88@courier.test,0820000088,Demo Sender,Box,WorkRelated,Shelf A-1,Demo Department,Synthetic example
Demo Recipient 89,DEMO-IMPORT-089,recipient89@courier.test,0820000089,Demo Sender,Box,Personal,Shelf A-1,Demo Department,Synthetic example
Demo Recipient 90,DEMO-IMPORT-090,recipient90@courier.test,0820000090,Demo Sender,Box,WorkRelated,Shelf A-1,Demo Department,Synthetic example
Demo Recipient 91,DEMO-IMPORT-091,recipient91@courier.test,0820000091,Demo Sender,Box,Personal,Shelf A-1,Demo Department,Synthetic example
Demo Recipient 92,DEMO-IMPORT-092,recipient92@courier.test,0820000092,Demo Sender,Box,WorkRelated,Shelf A-1,Demo Department,Synthetic example
Demo Recipient 93,DEMO-IMPORT-093,recipient93@courier.test,0820000093,Demo Sender,Box,Personal,Shelf A-1,Demo Department,Synthetic example
Demo Recipient 94,DEMO-IMPORT-094,recipient94@courier.test,0820000094,Demo Sender,Box,WorkRelated,Shelf A-1,Demo Department,Synthetic example
Demo Recipient 95,DEMO-IMPORT-095,recipient95@courier.test,0820000095,Demo Sender,Box,Personal,Shelf A-1,Demo Department,Synthetic example
Demo Recipient 96,DEMO-IMPORT-096,recipient96@courier.test,0820000096,Demo Sender,Box,WorkRelated,Shelf A-1,Demo Department,Synthetic example
Demo Recipient 97,DEMO-IMPORT-097,recipient97@courier.test,0820000097,Demo Sender,Box,Personal,Shelf A-1,Demo Department,Synthetic example
Demo Recipient 98,DEMO-IMPORT-098,recipient98@courier.test,0820000098,Demo Sender,Box,WorkRelated,Shelf A-1,Demo Department,Synthetic example
Demo Recipient 99,DEMO-IMPORT-099,recipient99@courier.test,0820000099,Demo Sender,Box,Personal,Shelf A-1,Demo Department,Synthetic example
Demo Recipient 100,DEMO-IMPORT-100,recipient100@courier.test,0820000100,Demo Sender,Box,WorkRelated,Shelf A-1,Demo Department,Synthetic example
Demo Recipient 101,DEMO-IMPORT-101,recipient101@courier.test,0820000101,Demo Sender,Box,Personal,Shelf A-1,Demo Department,Synthetic example
Demo Recipient 102,DEMO-IMPORT-102,recipient102@courier.test,0820000102,Demo Sender,Box,WorkRelated,Shelf A-1,Demo Department,Synthetic example
Demo Recipient 103,DEMO-IMPORT-103,recipient103@courier.test,0820000103,Demo Sender,Box,Personal,Shelf A-1,Demo Department,Synthetic example
Demo Recipient 104,DEMO-IMPORT-104,recipient104@courier.test,0820000104,Demo Sender,Box,WorkRelated,Shelf A-1,Demo Department,Synthetic example
Demo Recipient 105,DEMO-IMPORT-105,recipient105@courier.test,0820000105,Demo Sender,Box,Personal,Shelf A-1,Demo Department,Synthetic example
Demo Recipient 106,DEMO-IMPORT-106,recipient106@courier.test,0820000106,Demo Sender,Box,WorkRelated,Shelf A-1,Demo Department,Synthetic example
Demo Recipient 107,DEMO-IMPORT-107,recipient107@courier.test,0820000107,Demo Sender,Box,Personal,Shelf A-1,Demo Department,Synthetic example
Demo Recipient 108,DEMO-IMPORT-108,recipient108@courier.test,0820000108,Demo Sender,Box,WorkRelated,Shelf A-1,Demo Department,Synthetic example
Demo Recipient 109,DEMO-IMPORT-109,recipient109@courier.test,0820000109,Demo Sender,Box,Personal,Shelf A-1,Demo Department,Synthetic example
Demo Recipient 110,DEMO-IMPORT-110,recipient110@courier.test,0820000110,Demo Sender,Box,WorkRelated,Shelf A-1,Demo Department,Synthetic example
Demo Recipient 111,DEMO-IMPORT-111,recipient111@courier.test,0820000111,Demo Sender,Box,Personal,Shelf A-1,Demo Department,Synthetic example
Demo Recipient 112,DEMO-IMPORT-112,recipient112@courier.test,0820000112,Demo Sender,Box,WorkRelated,Shelf A-1,Demo Department,Synthetic example
Demo Recipient 113,DEMO-IMPORT-113,recipient113@courier.test,0820000113,Demo Sender,Box,Personal,Shelf A-1,Demo Department,Synthetic example
Demo Recipient 114,DEMO-IMPORT-114,recipient114@courier.test,0820000114,Demo Sender,Box,WorkRelated,Shelf A-1,Demo Department,Synthetic example
Demo Recipient 115,DEMO-IMPORT-115,recipient115@courier.test,0820000115,Demo Sender,Box,Personal,Shelf A-1,Demo Department,Synthetic example
Demo Recipient 116,DEMO-IMPORT-116,recipient116@courier.test,0820000116,Demo Sender,Box,WorkRelated,Shelf A-1,Demo Department,Synthetic example
Demo Recipient 117,DEMO-IMPORT-117,recipient117@courier.test,0820000117,Demo Sender,Box,Personal,Shelf A-1,Demo Department,Synthetic example
Demo Recipient 118,DEMO-IMPORT-118,recipient118@courier.test,0820000118,Demo Sender,Box,WorkRelated,Shelf A-1,Demo Department,Synthetic example
Demo Recipient 119,DEMO-IMPORT-119,recipient119@courier.test,0820000119,Demo Sender,Box,Personal,Shelf A-1,Demo Department,Synthetic example
Demo Recipient 120,DEMO-IMPORT-120,recipient120@courier.test,0820000120,Demo Sender,Box,WorkRelated,Shelf A-1,Demo Department,Synthetic example
Demo Recipient 121,DEMO-IMPORT-121,recipient121@courier.test,0820000121,Demo Sender,Box,Personal,Shelf A-1,Demo Department,Synthetic example
Demo Recipient 122,DEMO-IMPORT-122,recipient122@courier.test,0820000122,Demo Sender,Box,WorkRelated,Shelf A-1,Demo Department,Synthetic example
Demo Recipient 123,DEMO-IMPORT-123,recipient123@courier.test,0820000123,Demo Sender,Box,Personal,Shelf A-1,Demo Department,Synthetic example
Demo Recipient 124,DEMO-IMPORT-124,recipient124@courier.test,0820000124,Demo Sender,Box,WorkRelated,Shelf A-1,Demo Department,Synthetic example
Demo Recipient 125,DEMO-IMPORT-125,recipient125@courier.test,0820000125,Demo Sender,Box,Personal,Shelf A-1,Demo Department,Synthetic example
Demo Recipient 126,DEMO-IMPORT-126,recipient126@courier.test,0820000126,Demo Sender,Box,WorkRelated,Shelf A-1,Demo Department,Synthetic example
Demo Recipient 127,DEMO-IMPORT-127,recipient127@courier.test,0820000127,Demo Sender,Box,Personal,Shelf A-1,Demo Department,Synthetic example
Demo Recipient 128,DEMO-IMPORT-128,recipient128@courier.test,0820000128,Demo Sender,Box,WorkRelated,Shelf A-1,Demo Department,Synthetic example
Demo Recipient 129,DEMO-IMPORT-129,recipient129@courier.test,0820000129,Demo Sender,Box,Personal,Shelf A-1,Demo Department,Synthetic example
Demo Recipient 130,DEMO-IMPORT-130,recipient130@courier.test,0820000130,Demo Sender,Box,WorkRelated,Shelf A-1,Demo Department,Synthetic example
Demo Recipient 131,DEMO-IMPORT-131,recipient131@courier.test,0820000131,Demo Sender,Box,Personal,Shelf A-1,Demo Department,Synthetic example
Demo Recipient 132,DEMO-IMPORT-132,recipient132@courier.test,0820000132,Demo Sender,Box,WorkRelated,Shelf A-1,Demo Department,Synthetic example
Demo Recipient 133,DEMO-IMPORT-133,recipient133@courier.test,0820000133,Demo Sender,Box,Personal,Shelf A-1,Demo Department,Synthetic example
Demo Recipient 134,DEMO-IMPORT-134,recipient134@courier.test,0820000134,Demo Sender,Box,WorkRelated,Shelf A-1,Demo Department,Synthetic example
Demo Recipient 135,DEMO-IMPORT-135,recipient135@courier.test,0820000135,Demo Sender,Box,Personal,Shelf A-1,Demo Department,Synthetic example
Demo Recipient 136,DEMO-IMPORT-136,recipient136@courier.test,0820000136,Demo Sender,Box,WorkRelated,Shelf A-1,Demo Department,Synthetic example
Demo Recipient 137,DEMO-IMPORT-137,recipient137@courier.test,0820000137,Demo Sender,Box,Personal,Shelf A-1,Demo Department,Synthetic example
Demo Recipient 138,DEMO-IMPORT-138,recipient138@courier.test,0820000138,Demo Sender,Box,WorkRelated,Shelf A-1,Demo Department,Synthetic example
Demo Recipient 139,DEMO-IMPORT-139,recipient139@courier.test,0820000139,Demo Sender,Box,Personal,Shelf A-1,Demo Department,Synthetic example
Demo Recipient 140,DEMO-IMPORT-140,recipient140@courier.test,0820000140,Demo Sender,Box,WorkRelated,Shelf A-1,Demo Department,Synthetic example
Demo Recipient 141,DEMO-IMPORT-141,recipient141@courier.test,0820000141,Demo Sender,Box,Personal,Shelf A-1,Demo Department,Synthetic example
Demo Recipient 142,DEMO-IMPORT-142,recipient142@courier.test,0820000142,Demo Sender,Box,WorkRelated,Shelf A-1,Demo Department,Synthetic example
Demo Recipient 143,DEMO-IMPORT-143,recipient143@courier.test,0820000143,Demo Sender,Box,Personal,Shelf A-1,Demo Department,Synthetic example
Demo Recipient 144,DEMO-IMPORT-144,recipient144@courier.test,0820000144,Demo Sender,Box,WorkRelated,Shelf A-1,Demo Department,Synthetic example
Demo Recipient 145,DEMO-IMPORT-145,recipient145@courier.test,0820000145,Demo Sender,Box,Personal,Shelf A-1,Demo Department,Synthetic example
Demo Recipient 146,DEMO-IMPORT-146,recipient146@courier.test,0820000146,Demo Sender,Box,WorkRelated,Shelf A-1,Demo Department,Synthetic example
Demo Recipient 147,DEMO-IMPORT-147,recipient147@courier.test,0820000147,Demo Sender,Box,Personal,Shelf A-1,Demo Department,Synthetic example
Demo Recipient 148,DEMO-IMPORT-148,recipient148@courier.test,0820000148,Demo Sender,Box,WorkRelated,Shelf A-1,Demo Department,Synthetic example
Demo Recipient 149,DEMO-IMPORT-149,recipient149@courier.test,0820000149,Demo Sender,Box,Personal,Shelf A-1,Demo Department,Synthetic example
Demo Recipient 150,DEMO-IMPORT-150,recipient150@courier.test,0820000150,Demo Sender,Box,WorkRelated,Shelf A-1,Demo Department,Synthetic example
Demo Recipient 151,DEMO-IMPORT-151,recipient151@courier.test,0820000151,Demo Sender,Box,Personal,Shelf A-1,Demo Department,Synthetic example
Demo Recipient 152,DEMO-IMPORT-152,recipient152@courier.test,0820000152,Demo Sender,Box,WorkRelated,Shelf A-1,Demo Department,Synthetic example
Demo Recipient 153,DEMO-IMPORT-153,recipient153@courier.test,0820000153,Demo Sender,Box,Personal,Shelf A-1,Demo Department,Synthetic example
Demo Recipient 154,DEMO-IMPORT-154,recipient154@courier.test,0820000154,Demo Sender,Box,WorkRelated,Shelf A-1,Demo Department,Synthetic example
Demo Recipient 155,DEMO-IMPORT-155,recipient155@courier.test,0820000155,Demo Sender,Box,Personal,Shelf A-1,Demo Department,Synthetic example
Demo Recipient 156,DEMO-IMPORT-156,recipient156@courier.test,0820000156,Demo Sender,Box,WorkRelated,Shelf A-1,Demo Department,Synthetic example
Demo Recipient 157,DEMO-IMPORT-157,recipient157@courier.test,0820000157,Demo Sender,Box,Personal,Shelf A-1,Demo Department,Synthetic example
Demo Recipient 158,DEMO-IMPORT-158,recipient158@courier.test,0820000158,Demo Sender,Box,WorkRelated,Shelf A-1,Demo Department,Synthetic example
Demo Recipient 159,DEMO-IMPORT-159,recipient159@courier.test,0820000159,Demo Sender,Box,Personal,Shelf A-1,Demo Department,Synthetic example
Demo Recipient 160,DEMO-IMPORT-160,recipient160@courier.test,0820000160,Demo Sender,Box,WorkRelated,Shelf A-1,Demo Department,Synthetic example
Demo Recipient 161,DEMO-IMPORT-161,recipient161@courier.test,0820000161,Demo Sender,Box,Personal,Shelf A-1,Demo Department,Synthetic example
Demo Recipient 162,DEMO-IMPORT-162,recipient162@courier.test,0820000162,Demo Sender,Box,WorkRelated,Shelf A-1,Demo Department,Synthetic example
Demo Recipient 163,DEMO-IMPORT-163,recipient163@courier.test,0820000163,Demo Sender,Box,Personal,Shelf A-1,Demo Department,Synthetic example
Demo Recipient 164,DEMO-IMPORT-164,recipient164@courier.test,0820000164,Demo Sender,Box,WorkRelated,Shelf A-1,Demo Department,Synthetic example
Demo Recipient 165,DEMO-IMPORT-165,recipient165@courier.test,0820000165,Demo Sender,Box,Personal,Shelf A-1,Demo Department,Synthetic example
Demo Recipient 166,DEMO-IMPORT-166,recipient166@courier.test,0820000166,Demo Sender,Box,WorkRelated,Shelf A-1,Demo Department,Synthetic example
Demo Recipient 167,DEMO-IMPORT-167,recipient167@courier.test,0820000167,Demo Sender,Box,Personal,Shelf A-1,Demo Department,Synthetic example
Demo Recipient 168,DEMO-IMPORT-168,recipient168@courier.test,0820000168,Demo Sender,Box,WorkRelated,Shelf A-1,Demo Department,Synthetic example
Demo Recipient 169,DEMO-IMPORT-169,recipient169@courier.test,0820000169,Demo Sender,Box,Personal,Shelf A-1,Demo Department,Synthetic example
Demo Recipient 170,DEMO-IMPORT-170,recipient170@courier.test,0820000170,Demo Sender,Box,WorkRelated,Shelf A-1,Demo Department,Synthetic example
Demo Recipient 171,DEMO-IMPORT-171,recipient171@courier.test,0820000171,Demo Sender,Box,Personal,Shelf A-1,Demo Department,Synthetic example
Demo Recipient 172,DEMO-IMPORT-172,recipient172@courier.test,0820000172,Demo Sender,Box,WorkRelated,Shelf A-1,Demo Department,Synthetic example
Demo Recipient 173,DEMO-IMPORT-173,recipient173@courier.test,0820000173,Demo Sender,Box,Personal,Shelf A-1,Demo Department,Synthetic example
Demo Recipient 174,DEMO-IMPORT-174,recipient174@courier.test,0820000174,Demo Sender,Box,WorkRelated,Shelf A-1,Demo Department,Synthetic example
Demo Recipient 175,DEMO-IMPORT-175,recipient175@courier.test,0820000175,Demo Sender,Box,Personal,Shelf A-1,Demo Department,Synthetic example
Demo Recipient 176,DEMO-IMPORT-176,recipient176@courier.test,0820000176,Demo Sender,Box,WorkRelated,Shelf A-1,Demo Department,Synthetic example
Demo Recipient 177,DEMO-IMPORT-177,recipient177@courier.test,0820000177,Demo Sender,Box,Personal,Shelf A-1,Demo Department,Synthetic example
Demo Recipient 178,DEMO-IMPORT-178,recipient178@courier.test,0820000178,Demo Sender,Box,WorkRelated,Shelf A-1,Demo Department,Synthetic example
Demo Recipient 179,DEMO-IMPORT-179,recipient179@courier.test,0820000179,Demo Sender,Box,Personal,Shelf A-1,Demo Department,Synthetic example
Demo Recipient 180,DEMO-IMPORT-180,recipient180@courier.test,0820000180,Demo Sender,Box,WorkRelated,Shelf A-1,Demo Department,Synthetic example
Demo Recipient 181,DEMO-IMPORT-181,recipient181@courier.test,0820000181,Demo Sender,Box,Personal,Shelf A-1,Demo Department,Synthetic example
Demo Recipient 182,DEMO-IMPORT-182,recipient182@courier.test,0820000182,Demo Sender,Box,WorkRelated,Shelf A-1,Demo Department,Synthetic example
Demo Recipient 183,DEMO-IMPORT-183,recipient183@courier.test,0820000183,Demo Sender,Box,Personal,Shelf A-1,Demo Department,Synthetic example
Demo Recipient 184,DEMO-IMPORT-184,recipient184@courier.test,0820000184,Demo Sender,Box,WorkRelated,Shelf A-1,Demo Department,Synthetic example
Demo Recipient 185,DEMO-IMPORT-185,recipient185@courier.test,0820000185,Demo Sender,Box,Personal,Shelf A-1,Demo Department,Synthetic example
Demo Recipient 186,DEMO-IMPORT-186,recipient186@courier.test,0820000186,Demo Sender,Box,WorkRelated,Shelf A-1,Demo Department,Synthetic example
Demo Recipient 187,DEMO-IMPORT-187,recipient187@courier.test,0820000187,Demo Sender,Box,Personal,Shelf A-1,Demo Department,Synthetic example
Demo Recipient 188,DEMO-IMPORT-188,recipient188@courier.test,0820000188,Demo Sender,Box,WorkRelated,Shelf A-1,Demo Department,Synthetic example
Demo Recipient 189,DEMO-IMPORT-189,recipient189@courier.test,0820000189,Demo Sender,Box,Personal,Shelf A-1,Demo Department,Synthetic example
Demo Recipient 190,DEMO-IMPORT-190,recipient190@courier.test,0820000190,Demo Sender,Box,WorkRelated,Shelf A-1,Demo Department,Synthetic example
Demo Recipient 191,DEMO-IMPORT-191,recipient191@courier.test,0820000191,Demo Sender,Box,Personal,Shelf A-1,Demo Department,Synthetic example
Demo Recipient 192,DEMO-IMPORT-192,recipient192@courier.test,0820000192,Demo Sender,Box,WorkRelated,Shelf A-1,Demo Department,Synthetic example
Demo Recipient 193,DEMO-IMPORT-193,recipient193@courier.test,0820000193,Demo Sender,Box,Personal,Shelf A-1,Demo Department,Synthetic example
Demo Recipient 194,DEMO-IMPORT-194,recipient194@courier.test,0820000194,Demo Sender,Box,WorkRelated,Shelf A-1,Demo Department,Synthetic example
Demo Recipient 195,DEMO-IMPORT-195,recipient195@courier.test,0820000195,Demo Sender,Box,Personal,Shelf A-1,Demo Department,Synthetic example
Demo Recipient 196,DEMO-IMPORT-196,recipient196@courier.test,0820000196,Demo Sender,Box,WorkRelated,Shelf A-1,Demo Department,Synthetic example
Demo Recipient 197,DEMO-IMPORT-197,recipient197@courier.test,0820000197,Demo Sender,Box,Personal,Shelf A-1,Demo Department,Synthetic example
Demo Recipient 198,DEMO-IMPORT-198,recipient198@courier.test,0820000198,Demo Sender,Box,WorkRelated,Shelf A-1,Demo Department,Synthetic example
Demo Recipient 199,DEMO-IMPORT-199,recipient199@courier.test,0820000199,Demo Sender,Box,Personal,Shelf A-1,Demo Department,Synthetic example
Demo Recipient 200,DEMO-IMPORT-200,recipient200@courier.test,0820000200,Demo Sender,Box,WorkRelated,Shelf A-1,Demo Department,Synthetic example
